{
  "model": "resnet50",
  "attack": "autoattack",
  "epsilon": 0.03137254901960784,
  "seed": 42,
  "dataset_size": 200,
  "indices": [
    3,
    6,
    11,
    25,
    27,
    30,
    32,
    44,
    46,
    48,
    57,
    65,
    67,
    71,
    73,
    80,
    81,
    89,
    93,
    94,
    95,
    99,
    103,
    104,
    112,
    114,
    117,
    127,
    141,
    142,
    146,
    156,
    159,
    161,
    163,
    166,
    167,
    175,
    196,
    203,
    214,
    216,
    217,
    220,
    223,
    224,
    225,
    228,
    233,
    234,
    238,
    250,
    252,
    257,
    269,
    270,
    271,
    273,
    274,
    276,
    281,
    284,
    296,
    300,
    322,
    323,
    332,
    344,
    348,
    352,
    363,
    367,
    370,
    373,
    379,
    387,
    388,
    389,
    390,
    394,
    405,
    408,
    410,
    429,
    432,
    438,
    445,
    459,
    464,
    469,
    470,
    473,
    479,
    505,
    511,
    517,
    521,
    541,
    546,
    549,
    551,
    558,
    565,
    566,
    570,
    574,
    580,
    591,
    597,
    598,
    603,
    604,
    610,
    616,
    618,
    623,
    633,
    642,
    643,
    650,
    654,
    655,
    656,
    658,
    663,
    665,
    671,
    677,
    686,
    692,
    696,
    698,
    699,
    701,
    704,
    714,
    718,
    721,
    733,
    735,
    736,
    738,
    739,
    746,
    747,
    754,
    758,
    759,
    762,
    764,
    768,
    773,
    777,
    781,
    786,
    787,
    791,
    794,
    811,
    824,
    825,
    826,
    828,
    830,
    841,
    849,
    854,
    863,
    867,
    875,
    881,
    882,
    887,
    890,
    899,
    906,
    907,
    908,
    913,
    925,
    930,
    931,
    936,
    947,
    954,
    955,
    956,
    958,
    963,
    964,
    970,
    974,
    978,
    982,
    983,
    986,
    990,
    992,
    994,
    998
  ],
  "clean_correct": 151,
  "robust_correct": 0,
  "clean_accuracy": 0.755,
  "robust_accuracy": 0.0,
  "linf_max": 0.03137257695198059,
  "linf_mean_per_sample": 0.023686295375227928,
  "nan_diagnostic": {
    "num_samples": 200,
    "num_with_nan": 0
  },
  "wall_clock_s": {
    "clean_eval": 0.8963171699997474,
    "attack": 97.24553996599934,
    "adv_eval": 0.6197997879999093
  },
  "autoattack_version": "standard",
  "autoattack_batch_size": 32
}